Postal,Latitude,Longtitude,Blk_no,Road_Name,Building,Address
821160,1.395312099,103.9157082,160A,PUNGGOL CENTRAL,NIL,160A PUNGGOL CENTRAL SINGAPORE 821160
822160,1.395225289,103.9160007,160B,PUNGGOL CENTRAL,NIL,160B PUNGGOL CENTRAL SINGAPORE 822160
821162,1.39636616,103.9142502,162A,PUNGGOL CENTRAL,NIL,162A PUNGGOL CENTRAL SINGAPORE 821162
821163,1.395500602,103.9140598,163A,PUNGGOL CENTRAL,NIL,163A PUNGGOL CENTRAL SINGAPORE 821163
822163,1.39563022,103.9137722,163B,PUNGGOL CENTRAL,NIL,163B PUNGGOL CENTRAL SINGAPORE 822163
821165,1.394998966,103.9147543,165A,PUNGGOL CENTRAL,NIL,165A PUNGGOL CENTRAL SINGAPORE 821165
822165,1.395128032,103.9144671,165B,PUNGGOL CENTRAL,NIL,165B PUNGGOL CENTRAL SINGAPORE 822165
821166,1.394448669,103.9155224,166A,PUNGGOL CENTRAL,NIL,166A PUNGGOL CENTRAL SINGAPORE 821166
822166,1.394578126,103.915235,166B,PUNGGOL CENTRAL,NIL,166B PUNGGOL CENTRAL SINGAPORE 822166
820188,1.398938692,103.9105385,188,PUNGGOL CENTRAL,NIL,188 PUNGGOL CENTRAL SINGAPORE 820188
820190,1.39924142,103.9100543,190,PUNGGOL CENTRAL,NIL,190 PUNGGOL CENTRAL SINGAPORE 820190
820192,1.399770926,103.9095143,192,PUNGGOL CENTRAL,NIL,192 PUNGGOL CENTRAL SINGAPORE 820192
821201,1.400085464,103.9035356,201A,PUNGGOL FIELD,NIL,201A PUNGGOL FIELD SINGAPORE 821201
822201,1.399978043,103.9038532,201B,PUNGGOL FIELD,NIL,201B PUNGGOL FIELD SINGAPORE 822201
823201,1.399331482,103.903712,201C,PUNGGOL FIELD,NIL,201C PUNGGOL FIELD SINGAPORE 823201
821202,1.399664223,103.9044956,202A,PUNGGOL FIELD,NIL,202A PUNGGOL FIELD SINGAPORE 821202
822202,1.399234781,103.9042775,202B,PUNGGOL FIELD,NIL,202B PUNGGOL FIELD SINGAPORE 822202
821203,1.398524282,103.9038627,203A,PUNGGOL FIELD,NIL,203A PUNGGOL FIELD SINGAPORE 821203
822203,1.398048415,103.9034765,203B,PUNGGOL FIELD,NIL,203B PUNGGOL FIELD SINGAPORE 822203
821204,1.398778276,103.9029109,204A,PUNGGOL FIELD,NIL,204A PUNGGOL FIELD SINGAPORE 821204
822204,1.398682245,103.9032111,204B,PUNGGOL FIELD,NIL,204B PUNGGOL FIELD SINGAPORE 822204
823204,1.398033215,103.9030726,204C,PUNGGOL FIELD,NIL,204C PUNGGOL FIELD SINGAPORE 823204
821205,1.39852262,103.9021117,205A,PUNGGOL FIELD,NIL,205A PUNGGOL FIELD SINGAPORE 821205
821301,1.404172163,103.9061861,301A,PUNGGOL CENTRAL,CORALINUS,301A PUNGGOL CENTRAL CORALINUS SINGAPORE 821301
821302,1.404423566,103.9044442,302A,PUNGGOL PLACE,CORALINUS,302A PUNGGOL PLACE CORALINUS SINGAPORE 821302
821303,1.403777894,103.9057622,303A,PUNGGOL CENTRAL,CORALINUS,303A PUNGGOL CENTRAL CORALINUS SINGAPORE 821303
822301,1.404265418,103.9058947,301B,PUNGGOL CENTRAL,CORALINUS,301B PUNGGOL CENTRAL CORALINUS SINGAPORE 822301
822302,1.404374931,103.904784,302B,PUNGGOL PLACE,CORALINUS,302B PUNGGOL PLACE CORALINUS SINGAPORE 822302
823301,1.404401623,103.9056638,301C,PUNGGOL CENTRAL,CORALINUS,301C PUNGGOL CENTRAL CORALINUS SINGAPORE 823301
823302,1.404720474,103.9049679,302C,PUNGGOL PLACE,CORALINUS,302C PUNGGOL PLACE CORALINUS SINGAPORE 823302
821612,1.404164316,103.9091177,612A,PUNGGOL DRIVE,DAMAI GROVE,612A PUNGGOL DRIVE DAMAI GROVE SINGAPORE 821612
821613,1.40442052,103.907861,613A,PUNGGOL DRIVE,DAMAI GROVE,613A PUNGGOL DRIVE DAMAI GROVE SINGAPORE 821613
822612,1.404938584,103.9081572,612B,PUNGGOL DRIVE,DAMAI GROVE,612B PUNGGOL DRIVE DAMAI GROVE SINGAPORE 822612
822613,1.404277103,103.9082778,613B,PUNGGOL DRIVE,DAMAI GROVE,613B PUNGGOL DRIVE DAMAI GROVE SINGAPORE 822613
823612,1.405077716,103.9077599,612C,PUNGGOL DRIVE,DAMAI GROVE,612C PUNGGOL DRIVE DAMAI GROVE SINGAPORE 823612
823613,1.403983217,103.9086639,613C,PUNGGOL DRIVE,DAMAI GROVE,613C PUNGGOL DRIVE DAMAI GROVE SINGAPORE 823613
820643,1.39731946,103.9160186,643,PUNGGOL CENTRAL,EASTDALE,643 PUNGGOL CENTRAL EASTDALE SINGAPORE 820643
820645,1.39777617,103.9162774,645,PUNGGOL CENTRAL,EASTDALE,645 PUNGGOL CENTRAL EASTDALE SINGAPORE 820645
820646,1.398148805,103.9157809,646,PUNGGOL CENTRAL,EASTDALE,646 PUNGGOL CENTRAL EASTDALE SINGAPORE 820646
820647,1.398063071,103.9154533,647,PUNGGOL CENTRAL,EASTDALE,647 PUNGGOL CENTRAL EASTDALE SINGAPORE 820647
820648,1.397692398,103.915172,648,PUNGGOL CENTRAL,EASTDALE,648 PUNGGOL CENTRAL EASTDALE SINGAPORE 820648
820649,1.397238237,103.9149154,649,PUNGGOL CENTRAL,EASTDALE,649 PUNGGOL CENTRAL EASTDALE SINGAPORE 820649
820651,1.396866833,103.9154104,651,PUNGGOL CENTRAL,EASTDALE,651 PUNGGOL CENTRAL EASTDALE SINGAPORE 820651
820652,1.396953111,103.9157376,652,PUNGGOL CENTRAL,EASTDALE,652 PUNGGOL CENTRAL EASTDALE SINGAPORE 820652
821632,1.400695478,103.91334,632A,PUNGGOL DRIVE,EDGEDALE GREEN,632A PUNGGOL DRIVE EDGEDALE GREEN SINGAPORE 821632
821633,1.401369675,103.9131916,633A,PUNGGOL DRIVE,EDGEDALE GREEN,633A PUNGGOL DRIVE EDGEDALE GREEN SINGAPORE 821633
821635,1.400949108,103.9137774,635A,PUNGGOL DRIVE,EDGEDALE GREEN,635A PUNGGOL DRIVE EDGEDALE GREEN SINGAPORE 821635
821636,1.400254213,103.9139538,636A,PUNGGOL DRIVE,EDGEDALE GREEN,636A PUNGGOL DRIVE EDGEDALE GREEN SINGAPORE 821636
822632,1.400843273,103.9131347,632B,PUNGGOL DRIVE,EDGEDALE GREEN,632B PUNGGOL DRIVE EDGEDALE GREEN SINGAPORE 822632
822635,1.400799944,103.9139809,635B,PUNGGOL DRIVE,EDGEDALE GREEN,635B PUNGGOL DRIVE EDGEDALE GREEN SINGAPORE 822635
822636,1.400407926,103.9137505,636B,PUNGGOL DRIVE,EDGEDALE GREEN,636B PUNGGOL DRIVE EDGEDALE GREEN SINGAPORE 822636
823632,1.400990117,103.9129282,632C,PUNGGOL DRIVE,EDGEDALE GREEN,632C PUNGGOL DRIVE EDGEDALE GREEN SINGAPORE 823632
823635,1.400654324,103.9141867,635C,PUNGGOL DRIVE,EDGEDALE GREEN,635C PUNGGOL DRIVE EDGEDALE GREEN SINGAPORE 823635
820186,1.398563328,103.9111,186,PUNGGOL CENTRAL,HDB-PUNGGOL,186 PUNGGOL CENTRAL HDB-PUNGGOL SINGAPORE 820186
820187,1.398752034,103.9108807,187,PUNGGOL CENTRAL,HDB-PUNGGOL,187 PUNGGOL CENTRAL HDB-PUNGGOL SINGAPORE 820187
820191,1.399512505,103.9097527,191,PUNGGOL CENTRAL,HDB-PUNGGOL,191 PUNGGOL CENTRAL HDB-PUNGGOL SINGAPORE 820191
821101,1.397946168,103.9059451,101A,PUNGGOL FIELD,HDB-PUNGGOL,101A PUNGGOL FIELD HDB-PUNGGOL SINGAPORE 821101
821102,1.398833183,103.9057836,102A,PUNGGOL FIELD,HDB-PUNGGOL,102A PUNGGOL FIELD HDB-PUNGGOL SINGAPORE 821102
821106,1.396604861,103.9083441,106A,PUNGGOL FIELD,HDB-PUNGGOL,106A PUNGGOL FIELD HDB-PUNGGOL SINGAPORE 821106
821110,1.396124003,103.9092837,110A,PUNGGOL FIELD,HDB-PUNGGOL,110A PUNGGOL FIELD HDB-PUNGGOL SINGAPORE 821110
821128,1.393542263,103.9124285,128A,PUNGGOL FIELD WALK,HDB-PUNGGOL,128A PUNGGOL FIELD WALK HDB-PUNGGOL SINGAPORE 821128
821161,1.3958161,103.9150182,161A,PUNGGOL CENTRAL,HDB-PUNGGOL,161A PUNGGOL CENTRAL HDB-PUNGGOL SINGAPORE 821161
821173,1.397013086,103.9093541,173A,PUNGGOL FIELD,HDB-PUNGGOL,173A PUNGGOL FIELD HDB-PUNGGOL SINGAPORE 821173
821175,1.397404216,103.9089737,175A,PUNGGOL FIELD,HDB-PUNGGOL,175A PUNGGOL FIELD HDB-PUNGGOL SINGAPORE 821175
821196,1.399203942,103.9067408,196A,PUNGGOL FIELD,HDB-PUNGGOL,196A PUNGGOL FIELD HDB-PUNGGOL SINGAPORE 821196
821197,1.399774254,103.9068498,197A,PUNGGOL FIELD,HDB-PUNGGOL,197A PUNGGOL FIELD HDB-PUNGGOL SINGAPORE 821197
821199,1.399772996,103.9060012,199A,PUNGGOL FIELD,HDB-PUNGGOL,199A PUNGGOL FIELD HDB-PUNGGOL SINGAPORE 821199
822101,1.397847151,103.9064361,101B,PUNGGOL FIELD,HDB-PUNGGOL,101B PUNGGOL FIELD HDB-PUNGGOL SINGAPORE 822101
822102,1.399085258,103.9054714,102B,PUNGGOL FIELD,HDB-PUNGGOL,102B PUNGGOL FIELD HDB-PUNGGOL SINGAPORE 822102
822106,1.397094532,103.9079554,106B,PUNGGOL FIELD,HDB-PUNGGOL,106B PUNGGOL FIELD HDB-PUNGGOL SINGAPORE 822106
822110,1.395660239,103.909627,110B,PUNGGOL FIELD,HDB-PUNGGOL,110B PUNGGOL FIELD HDB-PUNGGOL SINGAPORE 822110
822128,1.392987926,103.9128831,128B,PUNGGOL FIELD WALK,HDB-PUNGGOL,128B PUNGGOL FIELD WALK HDB-PUNGGOL SINGAPORE 822128
822161,1.39572273,103.915306,161B,PUNGGOL CENTRAL,HDB-PUNGGOL,161B PUNGGOL CENTRAL HDB-PUNGGOL SINGAPORE 822161
822162,1.396272161,103.9145378,162B,PUNGGOL CENTRAL,HDB-PUNGGOL,162B PUNGGOL CENTRAL HDB-PUNGGOL SINGAPORE 822162
822173,1.396550267,103.910063,173B,PUNGGOL FIELD,HDB-PUNGGOL,173B PUNGGOL FIELD HDB-PUNGGOL SINGAPORE 822173
822175,1.397770531,103.9086476,175B,PUNGGOL FIELD,HDB-PUNGGOL,175B PUNGGOL FIELD HDB-PUNGGOL SINGAPORE 822175
822196,1.399007111,103.9069906,196B,PUNGGOL FIELD,HDB-PUNGGOL,196B PUNGGOL FIELD HDB-PUNGGOL SINGAPORE 822196
822197,1.400131511,103.9066476,197B,PUNGGOL FIELD,HDB-PUNGGOL,197B PUNGGOL FIELD HDB-PUNGGOL SINGAPORE 822197
822199,1.39996998,103.9057512,199B,PUNGGOL FIELD,HDB-PUNGGOL,199B PUNGGOL FIELD HDB-PUNGGOL SINGAPORE 822199
823101,1.398090458,103.9065693,101C,PUNGGOL FIELD,HDB-PUNGGOL,101C PUNGGOL FIELD HDB-PUNGGOL SINGAPORE 823101
823102,1.398761278,103.904939,102C,PUNGGOL FIELD,HDB-PUNGGOL,102C PUNGGOL FIELD HDB-PUNGGOL SINGAPORE 823102
823106,1.397366642,103.9075622,106C,PUNGGOL FIELD,HDB-PUNGGOL,106C PUNGGOL FIELD HDB-PUNGGOL SINGAPORE 823106
823110,1.395397332,103.910034,110C,PUNGGOL FIELD,HDB-PUNGGOL,110C PUNGGOL FIELD HDB-PUNGGOL SINGAPORE 823110
823128,1.392549137,103.9125609,128C,PUNGGOL FIELD WALK,HDB-PUNGGOL,128C PUNGGOL FIELD WALK HDB-PUNGGOL SINGAPORE 823128
823173,1.396185406,103.9105619,173C,PUNGGOL FIELD,HDB-PUNGGOL,173C PUNGGOL FIELD HDB-PUNGGOL SINGAPORE 823173
823175,1.398134688,103.9081481,175C,PUNGGOL FIELD,HDB-PUNGGOL,175C PUNGGOL FIELD HDB-PUNGGOL SINGAPORE 823175
823196,1.399279585,103.9074976,196C,PUNGGOL FIELD,HDB-PUNGGOL,196C PUNGGOL FIELD HDB-PUNGGOL SINGAPORE 823196
823199,1.400647082,103.9060066,199C,PUNGGOL FIELD,HDB-PUNGGOL,199C PUNGGOL FIELD HDB-PUNGGOL SINGAPORE 823199
824101,1.398484785,103.9061439,101D,PUNGGOL FIELD,HDB-PUNGGOL,101D PUNGGOL FIELD HDB-PUNGGOL SINGAPORE 824101
824102,1.398480708,103.9052498,102D,PUNGGOL FIELD,HDB-PUNGGOL,102D PUNGGOL FIELD HDB-PUNGGOL SINGAPORE 824102
824106,1.397626067,103.9073581,106D,PUNGGOL FIELD,HDB-PUNGGOL,106D PUNGGOL FIELD HDB-PUNGGOL SINGAPORE 824106
824110,1.395000712,103.910206,110D,PUNGGOL FIELD,HDB-PUNGGOL,110D PUNGGOL FIELD HDB-PUNGGOL SINGAPORE 824110
824128,1.392967719,103.911962,128D,PUNGGOL FIELD WALK,HDB-PUNGGOL,128D PUNGGOL FIELD WALK HDB-PUNGGOL SINGAPORE 824128
820175,1.398154006,103.9086268,175,PUNGGOL FIELD,MULTI STOREY CAR PARK,175 PUNGGOL FIELD MULTI STOREY CAR PARK SINGAPORE 820175
821288,1.402377994,103.9030395,288A,PUNGGOL PLACE,PUNGGOL ARCADIA,288A PUNGGOL PLACE PUNGGOL ARCADIA SINGAPORE 821288
821289,1.40157247,103.9026191,289A,PUNGGOL PLACE,PUNGGOL ARCADIA,289A PUNGGOL PLACE PUNGGOL ARCADIA SINGAPORE 821289
822288,1.402675272,103.9032975,288B,PUNGGOL PLACE,PUNGGOL ARCADIA,288B PUNGGOL PLACE PUNGGOL ARCADIA SINGAPORE 822288
822289,1.401343561,103.903127,289B,PUNGGOL PLACE,PUNGGOL ARCADIA,289B PUNGGOL PLACE PUNGGOL ARCADIA SINGAPORE 822289
823288,1.402550903,103.9035571,288C,PUNGGOL PLACE,PUNGGOL ARCADIA,288C PUNGGOL PLACE PUNGGOL ARCADIA SINGAPORE 823288
823289,1.401549241,103.9035195,289C,PUNGGOL PLACE,PUNGGOL ARCADIA,289C PUNGGOL PLACE PUNGGOL ARCADIA SINGAPORE 823289
821617,1.402329257,103.9118114,617A,PUNGGOL DRIVE,PUNGGOL BREEZE,617A PUNGGOL DRIVE PUNGGOL BREEZE SINGAPORE 821617
821618,1.401126351,103.9124627,618A,PUNGGOL DRIVE,PUNGGOL BREEZE,618A PUNGGOL DRIVE PUNGGOL BREEZE SINGAPORE 821618
821619,1.402605242,103.9114267,619A,PUNGGOL DRIVE,PUNGGOL BREEZE,619A PUNGGOL DRIVE PUNGGOL BREEZE SINGAPORE 821619
822617,1.40215673,103.9121478,617B,PUNGGOL DRIVE,PUNGGOL BREEZE,617B PUNGGOL DRIVE PUNGGOL BREEZE SINGAPORE 822617
822618,1.40146582,103.912122,618B,PUNGGOL DRIVE,PUNGGOL BREEZE,618B PUNGGOL DRIVE PUNGGOL BREEZE SINGAPORE 822618
822619,1.402881227,103.911042,619B,PUNGGOL DRIVE,PUNGGOL BREEZE,619B PUNGGOL DRIVE PUNGGOL BREEZE SINGAPORE 822619
823617,1.40194562,103.9124567,617C,PUNGGOL DRIVE,PUNGGOL BREEZE,617C PUNGGOL DRIVE PUNGGOL BREEZE SINGAPORE 823617
823618,1.401686288,103.9118158,618C,PUNGGOL DRIVE,PUNGGOL BREEZE,618C PUNGGOL DRIVE PUNGGOL BREEZE SINGAPORE 823618
823619,1.402393288,103.9106968,619C,PUNGGOL DRIVE,PUNGGOL BREEZE,619C PUNGGOL DRIVE PUNGGOL BREEZE SINGAPORE 823619
820293,1.403075573,103.9049453,293,PUNGGOL CENTRAL,PUNGGOL GROVE,293 PUNGGOL CENTRAL PUNGGOL GROVE SINGAPORE 820293
820294,1.402571817,103.9046355,294,PUNGGOL CENTRAL,PUNGGOL GROVE,294 PUNGGOL CENTRAL PUNGGOL GROVE SINGAPORE 820294
820295,1.401886208,103.9049173,295,PUNGGOL CENTRAL,PUNGGOL GROVE,295 PUNGGOL CENTRAL PUNGGOL GROVE SINGAPORE 820295
820296,1.401588191,103.9052652,296,PUNGGOL CENTRAL,PUNGGOL GROVE,296 PUNGGOL CENTRAL PUNGGOL GROVE SINGAPORE 820296
820297,1.402191213,103.9054519,297,PUNGGOL CENTRAL,PUNGGOL GROVE,297 PUNGGOL CENTRAL PUNGGOL GROVE SINGAPORE 820297
820298,1.402617228,103.9056027,298,PUNGGOL CENTRAL,PUNGGOL GROVE,298 PUNGGOL CENTRAL PUNGGOL GROVE SINGAPORE 820298
820299,1.402706152,103.9053082,299,PUNGGOL CENTRAL,PUNGGOL GROVE,299 PUNGGOL CENTRAL PUNGGOL GROVE SINGAPORE 820299
821603,1.403530127,103.9084634,603A,PUNGGOL ROAD,PUNGGOL LODGE,603A PUNGGOL ROAD PUNGGOL LODGE SINGAPORE 821603
821604,1.404309717,103.9074126,604A,PUNGGOL ROAD,PUNGGOL LODGE,604A PUNGGOL ROAD PUNGGOL LODGE SINGAPORE 821604
822603,1.40314294,103.9083163,603B,PUNGGOL ROAD,PUNGGOL LODGE,603B PUNGGOL ROAD PUNGGOL LODGE SINGAPORE 822603
822604,1.403889296,103.9072069,604B,PUNGGOL ROAD,PUNGGOL LODGE,604B PUNGGOL ROAD PUNGGOL LODGE SINGAPORE 822604
823604,1.403665376,103.9075323,604C,PUNGGOL ROAD,PUNGGOL LODGE,604C PUNGGOL ROAD PUNGGOL LODGE SINGAPORE 823604
820168,1.394237197,103.9130473,168,PUNGGOL FIELD,PUNGGOL PLAZA,168 PUNGGOL FIELD PUNGGOL PLAZA SINGAPORE 820168
821273,1.402284312,103.9021043,273A,PUNGGOL PLACE,PUNGGOL REGALIA,273A PUNGGOL PLACE PUNGGOL REGALIA SINGAPORE 821273
821274,1.402736207,103.9023521,274A,PUNGGOL PLACE,PUNGGOL REGALIA,274A PUNGGOL PLACE PUNGGOL REGALIA SINGAPORE 821274
822273,1.401960108,103.9017788,273B,PUNGGOL PLACE,PUNGGOL REGALIA,273B PUNGGOL PLACE PUNGGOL REGALIA SINGAPORE 822273
822274,1.403116263,103.9022874,274B,PUNGGOL PLACE,PUNGGOL REGALIA,274B PUNGGOL PLACE PUNGGOL REGALIA SINGAPORE 822274
823273,1.402303014,103.9012624,273C,PUNGGOL PLACE,PUNGGOL REGALIA,273C PUNGGOL PLACE PUNGGOL REGALIA SINGAPORE 823273
823274,1.403258431,103.9020087,274C,PUNGGOL PLACE,PUNGGOL REGALIA,274C PUNGGOL PLACE PUNGGOL REGALIA SINGAPORE 823274
821271,1.403745404,103.9003189,271A,PUNGGOL WALK,PUNGGOL RESIDENCES,271A PUNGGOL WALK PUNGGOL RESIDENCES SINGAPORE 821271
821272,1.403145259,103.900666,272A,PUNGGOL WALK,PUNGGOL RESIDENCES,272A PUNGGOL WALK PUNGGOL RESIDENCES SINGAPORE 821272
822271,1.40417055,103.9005811,271B,PUNGGOL WALK,PUNGGOL RESIDENCES,271B PUNGGOL WALK PUNGGOL RESIDENCES SINGAPORE 822271
822272,1.403295668,103.9002354,272B,PUNGGOL WALK,PUNGGOL RESIDENCES,272B PUNGGOL WALK PUNGGOL RESIDENCES SINGAPORE 822272
823271,1.403941659,103.9010343,271C,PUNGGOL WALK,PUNGGOL RESIDENCES,271C PUNGGOL WALK PUNGGOL RESIDENCES SINGAPORE 823271
823272,1.402857065,103.9000672,272C,PUNGGOL WALK,PUNGGOL RESIDENCES,272C PUNGGOL WALK PUNGGOL RESIDENCES SINGAPORE 823272
821267,1.404559094,103.8975049,267A,PUNGGOL FIELD,PUNGGOL SAPPHIRE,267A PUNGGOL FIELD PUNGGOL SAPPHIRE SINGAPORE 821267
821268,1.404111506,103.8973989,268A,PUNGGOL FIELD,PUNGGOL SAPPHIRE,268A PUNGGOL FIELD PUNGGOL SAPPHIRE SINGAPORE 821268
821269,1.403149047,103.8989758,269A,PUNGGOL FIELD,PUNGGOL SAPPHIRE,269A PUNGGOL FIELD PUNGGOL SAPPHIRE SINGAPORE 821269
821270,1.403979501,103.8994549,270A,PUNGGOL FIELD,PUNGGOL SAPPHIRE,270A PUNGGOL FIELD PUNGGOL SAPPHIRE SINGAPORE 821270
822267,1.404432739,103.8979324,267B,PUNGGOL FIELD,PUNGGOL SAPPHIRE,267B PUNGGOL FIELD PUNGGOL SAPPHIRE SINGAPORE 822267
822268,1.403782416,103.8973001,268B,PUNGGOL FIELD,PUNGGOL SAPPHIRE,268B PUNGGOL FIELD PUNGGOL SAPPHIRE SINGAPORE 822268
822269,1.403443932,103.8986665,269B,PUNGGOL FIELD,PUNGGOL SAPPHIRE,269B PUNGGOL FIELD PUNGGOL SAPPHIRE SINGAPORE 822269
822270,1.404108025,103.8990319,270B,PUNGGOL FIELD,PUNGGOL SAPPHIRE,270B PUNGGOL FIELD PUNGGOL SAPPHIRE SINGAPORE 822270
823267,1.404290802,103.8983193,267C,PUNGGOL FIELD,PUNGGOL SAPPHIRE,267C PUNGGOL FIELD PUNGGOL SAPPHIRE SINGAPORE 823267
823268,1.403474149,103.8979384,268C,PUNGGOL FIELD,PUNGGOL SAPPHIRE,268C PUNGGOL FIELD PUNGGOL SAPPHIRE SINGAPORE 823268
823269,1.403652033,103.8985316,269C,PUNGGOL FIELD,PUNGGOL SAPPHIRE,269C PUNGGOL FIELD PUNGGOL SAPPHIRE SINGAPORE 823269
823270,1.404315452,103.8988518,270C,PUNGGOL FIELD,PUNGGOL SAPPHIRE,270C PUNGGOL FIELD PUNGGOL SAPPHIRE SINGAPORE 823270
820602,1.403197478,103.9073558,602,PUNGGOL CENTRAL,PUNGGOL VISTA,602 PUNGGOL CENTRAL PUNGGOL VISTA SINGAPORE 820602
821601,1.402468466,103.9075822,601A,PUNGGOL CENTRAL,PUNGGOL VISTA,601A PUNGGOL CENTRAL PUNGGOL VISTA SINGAPORE 821601
821602,1.403480538,103.9071174,602A,PUNGGOL CENTRAL,PUNGGOL VISTA,602A PUNGGOL CENTRAL PUNGGOL VISTA SINGAPORE 821602
822601,1.402147022,103.9078319,601B,PUNGGOL CENTRAL,PUNGGOL VISTA,601B PUNGGOL CENTRAL PUNGGOL VISTA SINGAPORE 822601
822602,1.403012767,103.9068635,602B,PUNGGOL CENTRAL,PUNGGOL VISTA,602B PUNGGOL CENTRAL PUNGGOL VISTA SINGAPORE 822602
823601,1.40267897,103.9081061,601C,PUNGGOL CENTRAL,PUNGGOL VISTA,601C PUNGGOL CENTRAL PUNGGOL VISTA SINGAPORE 823601
823602,1.402713299,103.9072462,602C,PUNGGOL CENTRAL,PUNGGOL VISTA,602C PUNGGOL CENTRAL PUNGGOL VISTA SINGAPORE 823602
821637,1.399693672,103.914597,637A,PUNGGOL DRIVE,THE MEADOWS,637A PUNGGOL DRIVE THE MEADOWS SINGAPORE 821637
821638,1.400123957,103.9148717,638A,PUNGGOL DRIVE,THE MEADOWS,638A PUNGGOL DRIVE THE MEADOWS SINGAPORE 821638
821641,1.398554823,103.9170016,641A,PUNGGOL DRIVE,THE MEADOWS,641A PUNGGOL DRIVE THE MEADOWS SINGAPORE 821641
821642,1.398162762,103.9167142,642A,PUNGGOL DRIVE,THE MEADOWS,642A PUNGGOL DRIVE THE MEADOWS SINGAPORE 821642
822637,1.39949597,103.9149545,637B,PUNGGOL DRIVE,THE MEADOWS,637B PUNGGOL DRIVE THE MEADOWS SINGAPORE 822637
822638,1.399824434,103.915139,638B,PUNGGOL DRIVE,THE MEADOWS,638B PUNGGOL DRIVE THE MEADOWS SINGAPORE 822638
822641,1.398792102,103.9166252,641B,PUNGGOL DRIVE,THE MEADOWS,641B PUNGGOL DRIVE THE MEADOWS SINGAPORE 822641
822642,1.398284533,103.9162553,642B,PUNGGOL DRIVE,THE MEADOWS,642B PUNGGOL DRIVE THE MEADOWS SINGAPORE 822642
823637,1.399179807,103.9150066,637C,PUNGGOL DRIVE,THE MEADOWS,637C PUNGGOL DRIVE THE MEADOWS SINGAPORE 823637
823638,1.399676335,103.9153916,638C,PUNGGOL DRIVE,THE MEADOWS,638C PUNGGOL DRIVE THE MEADOWS SINGAPORE 823638
823641,1.398940204,103.9163726,641C,PUNGGOL DRIVE,THE MEADOWS,641C PUNGGOL DRIVE THE MEADOWS SINGAPORE 823641
823642,1.398600697,103.9162033,642C,PUNGGOL DRIVE,THE MEADOWS,642C PUNGGOL DRIVE THE MEADOWS SINGAPORE 823642
821169,1.393082747,103.9142822,169A,PUNGGOL FIELD,THE NAUTILUS @ PUNGGOL,169A PUNGGOL FIELD THE NAUTILUS @ PUNGGOL SINGAPORE 821169
821170,1.393560948,103.9148607,170A,PUNGGOL FIELD,THE NAUTILUS @ PUNGGOL,170A PUNGGOL FIELD THE NAUTILUS @ PUNGGOL SINGAPORE 821170
822169,1.393224665,103.9140677,169B,PUNGGOL FIELD,THE NAUTILUS @ PUNGGOL,169B PUNGGOL FIELD THE NAUTILUS @ PUNGGOL SINGAPORE 822169
822170,1.393337746,103.9147009,170B,PUNGGOL FIELD,THE NAUTILUS @ PUNGGOL,170B PUNGGOL FIELD THE NAUTILUS @ PUNGGOL SINGAPORE 822170
823168,1.393903151,103.9137768,168C,PUNGGOL FIELD,THE NAUTILUS @ PUNGGOL,168C PUNGGOL FIELD THE NAUTILUS @ PUNGGOL SINGAPORE 823168
823169,1.393621092,103.9142236,169C,PUNGGOL FIELD,THE NAUTILUS @ PUNGGOL,169C PUNGGOL FIELD THE NAUTILUS @ PUNGGOL SINGAPORE 823169
823170,1.393107842,103.9145464,170C,PUNGGOL FIELD,THE NAUTILUS @ PUNGGOL,170C PUNGGOL FIELD THE NAUTILUS @ PUNGGOL SINGAPORE 823170
824168,1.393746768,103.9140016,168D,PUNGGOL FIELD,THE NAUTILUS @ PUNGGOL,168D PUNGGOL FIELD THE NAUTILUS @ PUNGGOL SINGAPORE 824168
821195,1.401386916,103.9060812,195A,PUNGGOL ROAD,THE PERIWINKLE,195A PUNGGOL ROAD THE PERIWINKLE SINGAPORE 821195
822195,1.401372012,103.9064857,195B,PUNGGOL ROAD,THE PERIWINKLE,195B PUNGGOL ROAD THE PERIWINKLE SINGAPORE 822195
823195,1.401092071,103.9068312,195C,PUNGGOL ROAD,THE PERIWINKLE,195C PUNGGOL ROAD THE PERIWINKLE SINGAPORE 823195
821167,1.393908248,103.9151069,167A,PUNGGOL EAST,THE SUNDIAL,167A PUNGGOL EAST THE SUNDIAL SINGAPORE 821167
821168,1.394589169,103.9142388,168A,PUNGGOL EAST,THE SUNDIAL,168A PUNGGOL EAST THE SUNDIAL SINGAPORE 821168
822167,1.394227136,103.9149774,167B,PUNGGOL EAST,THE SUNDIAL,167B PUNGGOL EAST THE SUNDIAL SINGAPORE 822167
822168,1.394496029,103.913979,168B,PUNGGOL EAST,THE SUNDIAL,168B PUNGGOL EAST THE SUNDIAL SINGAPORE 822168
823167,1.394388962,103.9147524,167C,PUNGGOL EAST,THE SUNDIAL,167C PUNGGOL EAST THE SUNDIAL SINGAPORE 823167
824167,1.394548399,103.9145293,167D,PUNGGOL EAST,THE SUNDIAL,167D PUNGGOL EAST THE SUNDIAL SINGAPORE 824167
821305,1.405079118,103.906706,305A,PUNGGOL ROAD,TREELODGE@PUNGGOL,305A PUNGGOL ROAD TREELODGE@PUNGGOL SINGAPORE 821305
821306,1.406092596,103.9053953,306A,PUNGGOL PLACE,TREELODGE@PUNGGOL,306A PUNGGOL PLACE TREELODGE@PUNGGOL SINGAPORE 821306
822305,1.405351919,103.9062507,305B,PUNGGOL ROAD,TREELODGE@PUNGGOL,305B PUNGGOL ROAD TREELODGE@PUNGGOL SINGAPORE 822305
822306,1.405792305,103.9057772,306B,PUNGGOL PLACE,TREELODGE@PUNGGOL,306B PUNGGOL PLACE TREELODGE@PUNGGOL SINGAPORE 822306
823306,1.406403852,103.9059582,306C,PUNGGOL PLACE,TREELODGE@PUNGGOL,306C PUNGGOL PLACE TREELODGE@PUNGGOL SINGAPORE 823306
